graph_id,epoch,segment_index,start_node,end_node,speed,risk,cost,utility,delta,objective,remaining_after,total_budget,psi
Town05_Highway1,0,1,v_0_0,v_1_2,30,4.418207429736923,21.813601634611818,78.18639836538819,4.986926369229141,272.7695854404121,5.013073630770859,10.0,3.714628150863813
Town05_Highway1,0,0,v_1_2,v_2_2,30,0.5677189394922172,3.616813108674256,96.38318689132576,4.986926369229141,272.7695854404121,5.013073630770859,10.0,3.714628150863813
Town05_Highway1,0,2,v_2_2,v_3_2,30,0.001,1.799999816301858,98.20000018369814,4.986926369229141,272.7695854404121,5.013073630770859,10.0,3.714628150863813
Town05_Highway1,1,0,v_3_2,v_4_1,30,0.001,11.850551974536586,88.14944802546341,0.4589586868127378,274.4988864316112,4.554114943958121,10.0,598.0906219204235
Town05_Highway1,1,1,v_4_1,v_5_2,30,0.001,11.850561319836316,88.14943868016368,0.4589586868127378,274.4988864316112,4.554114943958121,10.0,598.0906219204235
Town05_Highway1,1,2,v_5_2,v_6_2,30,0.001,1.8000002740158685,98.19999972598411,0.4589586868127378,274.4988864316112,4.554114943958121,10.0,598.0906219204235
Town05_Highway1,3,0,v_11_2,v_12_3,5,0.2144902575883343,20.010230316987798,79.98976968301221,0.25809755444469173,246.40679764772858,4.296017389513429,10.0,954.7041163481138
Town05_Highway1,3,2,v_12_3,v_13_1,30,0.001,21.86185739055748,78.13814260944253,0.25809755444469173,246.40679764772858,4.296017389513429,10.0,954.7041163481138
Town05_Highway1,3,1,v_13_1,v_14_2,30,0.001,11.721114644726155,88.27888535527384,0.25809755444469173,246.40679764772858,4.296017389513429,10.0,954.7041163481138
