graph_id,epoch,segment_index,start_node,end_node,speed,risk,cost,utility,delta,objective,remaining_after,total_budget,psi
Town01_T-Intersection,0,2,v_0_0,v_1_5,30,0.6839716646562647,51.20844978457892,48.79155021542108,4.536264735722209,532.5431043833364,0.46373526427779144,5.0,3.714628150863813
Town01_T-Intersection,0,1,v_1_5,v_2_5,25,0.2164371008054629,1.4399978076229902,98.560002192377,4.536264735722209,532.5431043833364,0.46373526427779144,5.0,3.714628150863813
Town01_T-Intersection,0,5,v_2_5,v_3_5,30,1.215143097631568,1.2000000039241798,98.79999999607584,4.536264735722209,532.5431043833364,0.46373526427779144,5.0,3.714628150863813
Town01_T-Intersection,0,3,v_3_5,v_4_5,30,0.3020652035337426,1.2000018349788653,98.79999816502114,4.536264735722209,532.5431043833364,0.46373526427779144,5.0,3.714628150863813
Town01_T-Intersection,0,4,v_4_5,v_5_6,30,0.4243102861478852,11.208446181484772,88.79155381851523,4.536264735722209,532.5431043833364,0.46373526427779144,5.0,3.714628150863813
Town01_T-Intersection,0,0,v_5_6,v_6_6,30,1.6943373829472854,1.200000004073836,98.79999999592616,4.536264735722209,532.5431043833364,0.46373526427779144,5.0,3.714628150863813
