graph_id,epoch,segment_index,start_node,end_node,speed,risk,cost,utility,delta,objective,remaining_after,total_budget,psi
Town05_Multiple Intersections,0,4,v_0_0,v_1_2,30,0.001,21.28631811155076,78.71368188844924,7.147223368553828,661.4087136637556,2.852776631446172,10.0,3.714628150863813
Town05_Multiple Intersections,0,2,v_1_2,v_2_2,30,0.001,1.199999545708064,98.80000045429192,7.147223368553828,661.4087136637556,2.852776631446172,10.0,3.714628150863813
Town05_Multiple Intersections,0,3,v_2_2,v_3_2,30,0.5691250682275258,1.2000009224849884,98.799999077515,7.147223368553828,661.4087136637556,2.852776631446172,10.0,3.714628150863813
Town05_Multiple Intersections,0,6,v_3_2,v_4_2,30,0.6584432592754231,1.1999996420937764,98.80000035790624,7.147223368553828,661.4087136637556,2.852776631446172,10.0,3.714628150863813
Town05_Multiple Intersections,0,0,v_4_2,v_5_3,30,1.108930915790492,11.303433792415548,88.69656620758445,7.147223368553828,661.4087136637556,2.852776631446172,10.0,3.714628150863813
Town05_Multiple Intersections,0,5,v_5_3,v_6_3,30,4.1888828107243565,1.2184434398295625,98.78155656017044,7.147223368553828,661.4087136637556,2.852776631446172,10.0,3.714628150863813
Town05_Multiple Intersections,0,1,v_6_3,v_7_3,30,0.619841314536031,1.1830908821615451,98.81690911783843,7.147223368553828,661.4087136637556,2.852776631446172,10.0,3.714628150863813
