graph_id,epoch,segment_index,start_node,end_node,speed,risk,cost,utility,delta,objective,remaining_after,total_budget,psi
Town05_Multiple Intersections,0,2,v_0_0,v_1_3,30,0.2662136724700693,31.26178660678493,68.73821339321506,9.38680021288491,463.85901401306677,5.613199787115089,15.0,3.714628150863813
Town05_Multiple Intersections,0,3,v_1_3,v_2_3,30,2.028024205548242,1.199999545708064,98.80000045429192,9.38680021288491,463.85901401306677,5.613199787115089,15.0,3.714628150863813
Town05_Multiple Intersections,0,1,v_2_3,v_3_3,30,3.6016429404544192,1.200000918985981,98.79999908101402,9.38680021288491,463.85901401306677,5.613199787115089,15.0,3.714628150863813
Town05_Multiple Intersections,0,0,v_3_3,v_4_3,30,2.9642789097038875,1.199999545458129,98.80000045454187,9.38680021288491,463.85901401306677,5.613199787115089,15.0,3.714628150863813
Town05_Multiple Intersections,0,4,v_4_3,v_5_3,30,0.5266404847082928,1.279199369996113,98.7208006300039,9.38680021288491,463.85901401306677,5.613199787115089,15.0,3.714628150863813
