graph_id,epoch,segment_index,start_node,end_node,speed,risk,cost,utility,delta,objective,remaining_after,total_budget,psi
Town05_Highway1,0,1,v_0_0,v_1_2,30,3.991256570416804,21.813601634611818,78.18639836538819,4.542060773411622,272.7695854404121,0.45793922658837793,5.0,3.714628150863813
Town05_Highway1,0,0,v_1_2,v_2_2,30,0.5498042029948177,3.616813108674256,96.38318689132576,4.542060773411622,272.7695854404121,0.45793922658837793,5.0,3.714628150863813
Town05_Highway1,0,2,v_2_2,v_3_2,30,0.001,1.799999816301858,98.20000018369814,4.542060773411622,272.7695854404121,0.45793922658837793,5.0,3.714628150863813
Town05_Highway1,4,0,v_18_2,v_19_1,30,0.001,13.360000238431486,86.63999976156852,0.002227564300111497,86.63999976156852,0.45571166228826643,5.0,38894.500040798775
