graph_id,epoch,segment_index,start_node,end_node,speed,risk,cost,utility,delta,objective,remaining_after,total_budget,psi
Town03_Roundabout,0,4,v_0_0,v_1_3,30,1.08761948741184,31.233617176998465,68.76638282300154,9.037022158968721,542.6564977733383,0.9629778410312788,10.0,3.714628150863813
Town03_Roundabout,0,5,v_1_3,v_2_5,30,2.348250615243737,21.23361803595241,78.76638196404758,9.037022158968721,542.6564977733383,0.9629778410312788,10.0,3.714628150863813
Town03_Roundabout,0,3,v_2_5,v_3_5,30,0.001,1.2000002176866946,98.79999978231332,9.037022158968721,542.6564977733383,0.9629778410312788,10.0,3.714628150863813
Town03_Roundabout,0,2,v_3_5,v_4_5,30,3.722418145160584,1.1999997602942465,98.80000023970577,9.037022158968721,542.6564977733383,0.9629778410312788,10.0,3.714628150863813
Town03_Roundabout,0,0,v_4_5,v_5_5,30,0.393033637305017,1.200000218048753,98.79999978195124,9.037022158968721,542.6564977733383,0.9629778410312788,10.0,3.714628150863813
Town03_Roundabout,0,1,v_5_5,v_6_5,30,1.4847002738475423,1.2762668176811436,98.72373318231884,9.037022158968721,542.6564977733383,0.9629778410312788,10.0,3.714628150863813
