graph_id,epoch,segment_index,start_node,end_node,speed,risk,cost,utility,delta,objective,remaining_after,total_budget,psi
Town03_Roundabout,0,4,v_0_0,v_1_2,30,0.4093149316779303,21.275005939577795,78.7249940604222,4.168590255615667,443.88292782851715,0.8314097443843327,5.0,3.714628150863813
Town03_Roundabout,0,3,v_1_2,v_2_2,30,0.5310695326479122,1.2000003038773148,98.79999969612268,4.168590255615667,443.88292782851715,0.8314097443843327,5.0,3.714628150863813
Town03_Roundabout,0,2,v_2_2,v_3_2,30,0.5472075445311367,1.2000001231688389,98.79999987683117,4.168590255615667,443.88292782851715,0.8314097443843327,5.0,3.714628150863813
Town03_Roundabout,0,1,v_3_2,v_4_4,30,0.4002300439984261,21.23361760974185,78.76638239025814,4.168590255615667,443.88292782851715,0.8314097443843327,5.0,3.714628150863813
Town03_Roundabout,0,0,v_4_4,v_5_5,30,2.2807682027602616,11.208448195117011,88.79155180488299,4.168590255615667,443.88292782851715,0.8314097443843327,5.0,3.714628150863813
Town03_Roundabout,3,2,v_12_5,v_13_5,30,0.001,1.1999997318104678,98.80000026818954,0.013001651276705729,236.23531401305743,0.818408093107627,5.0,18169.639300840652
Town03_Roundabout,3,1,v_13_5,v_14_2,30,0.001,31.28967949651769,68.71032050348231,0.013001651276705729,236.23531401305743,0.818408093107627,5.0,18169.639300840652
Town03_Roundabout,3,0,v_14_2,v_15_5,30,0.001,31.275006758614417,68.72499324138559,0.013001651276705729,236.23531401305743,0.818408093107627,5.0,18169.639300840652
