graph_id,epoch,segment_index,start_node,end_node,speed,risk,cost,utility,delta,objective,remaining_after,total_budget,psi
Town05_Multiple Intersections,0,4,v_0_0,v_1_3,30,3.4998192785085616,31.26178660678493,68.73821339321506,13.769282271930342,463.85901401306677,6.230717728069658,20.0,3.714628150863813
Town05_Multiple Intersections,0,1,v_1_3,v_2_3,30,0.431151993695679,1.199999545708064,98.80000045429192,13.769282271930342,463.85901401306677,6.230717728069658,20.0,3.714628150863813
Town05_Multiple Intersections,0,2,v_2_3,v_3_3,30,1.2146567203414915,1.200000918985981,98.79999908101402,13.769282271930342,463.85901401306677,6.230717728069658,20.0,3.714628150863813
Town05_Multiple Intersections,0,0,v_3_3,v_4_3,30,3.823916041783757,1.199999545458129,98.80000045454187,13.769282271930342,463.85901401306677,6.230717728069658,20.0,3.714628150863813
Town05_Multiple Intersections,0,3,v_4_3,v_5_3,30,4.799738237600851,1.279199369996113,98.7208006300039,13.769282271930342,463.85901401306677,6.230717728069658,20.0,3.714628150863813
Town05_Multiple Intersections,2,2,v_11_3,v_12_2,30,0.001,11.225780284524244,88.77421971547575,0.08583319660964273,354.9875274550524,6.144884531460016,20.0,4135.783606772629
Town05_Multiple Intersections,2,1,v_12_2,v_13_3,30,0.001,11.291635923914903,88.7083640760851,0.08583319660964273,354.9875274550524,6.144884531460016,20.0,4135.783606772629
Town05_Multiple Intersections,2,3,v_13_3,v_14_4,30,0.001,11.22577982123176,88.77422017876825,0.08583319660964273,354.9875274550524,6.144884531460016,20.0,4135.783606772629
Town05_Multiple Intersections,2,0,v_14_4,v_15_3,30,0.001,11.26927651527675,88.73072348472326,0.08583319660964273,354.9875274550524,6.144884531460016,20.0,4135.783606772629
