graph_id,epoch,segment_index,start_node,end_node,speed,risk,cost,utility,delta,objective,remaining_after,total_budget,psi
Town05_Highway2,0,3,v_0_0,v_1_1,15,0.5606485429867116,13.718554867885178,86.28144513211483,4.412959781989419,662.016065183205,0.5870402180105811,5.0,3.714628150863813
Town05_Highway2,0,0,v_1_1,v_2_1,30,0.7607992778179781,3.6114310145219286,96.38856898547807,4.412959781989419,662.016065183205,0.5870402180105811,5.0,3.714628150863813
Town05_Highway2,0,6,v_2_1,v_3_1,30,0.6443144574117046,1.7999998163018591,98.20000018369814,4.412959781989419,662.016065183205,0.5870402180105811,5.0,3.714628150863813
Town05_Highway2,0,2,v_3_1,v_4_1,30,2.444197503773025,1.8000002537735678,98.19999974622644,4.412959781989419,662.016065183205,0.5870402180105811,5.0,3.714628150863813
Town05_Highway2,0,5,v_4_1,v_5_1,30,0.001,1.7999993788301545,98.20000062116983,4.412959781989419,662.016065183205,0.5870402180105811,5.0,3.714628150863813
Town05_Highway2,0,1,v_5_1,v_6_2,30,0.001,11.850562198227214,88.14943780177279,4.412959781989419,662.016065183205,0.5870402180105811,5.0,3.714628150863813
Town05_Highway2,0,4,v_6_2,v_7_2,30,0.001,3.403387287255139,96.59661271274486,4.412959781989419,662.016065183205,0.5870402180105811,5.0,3.714628150863813
