graph_id,epoch,segment_index,start_node,end_node,speed,risk,cost,utility,delta,objective,remaining_after,total_budget,psi
Town05_Highway2,0,2,v_0_0,v_1_1,30,0.001,11.859277433942587,88.1407225660574,4.712491971175644,468.7086178976565,0.2875080288243561,5.0,3.714628150863813
Town05_Highway2,0,3,v_1_1,v_2_1,30,2.3104211896893747,3.6114310145219286,96.38856898547807,4.712491971175644,468.7086178976565,0.2875080288243561,5.0,3.714628150863813
Town05_Highway2,0,1,v_2_1,v_3_1,30,1.6404269771636182,1.7999998163018591,98.20000018369814,4.712491971175644,468.7086178976565,0.2875080288243561,5.0,3.714628150863813
Town05_Highway2,0,0,v_3_1,v_4_1,30,0.001,1.8000002537735678,98.19999974622644,4.712491971175644,468.7086178976565,0.2875080288243561,5.0,3.714628150863813
Town05_Highway2,0,4,v_4_1,v_5_2,25,0.7596438043226512,12.22067358380358,87.77932641619643,4.712491971175644,468.7086178976565,0.2875080288243561,5.0,3.714628150863813
