graph_id,epoch,segment_index,start_node,end_node,speed,risk,cost,utility,delta,objective,remaining_after,total_budget,psi
Town05_Highway3,0,3,v_0_0,v_1_1,30,0.001,11.859277433942587,88.1407225660574,4.233684990044706,662.8346652921978,0.766315009955294,5.0,3.714628150863813
Town05_Highway3,0,0,v_1_1,v_2_1,30,2.3487708689342788,3.6114310145219286,96.38856898547807,4.233684990044706,662.8346652921978,0.766315009955294,5.0,3.714628150863813
Town05_Highway3,0,1,v_2_1,v_3_1,30,0.001,1.7999998163018591,98.20000018369814,4.233684990044706,662.8346652921978,0.766315009955294,5.0,3.714628150863813
Town05_Highway3,0,2,v_3_1,v_4_2,30,0.001,11.850562194008331,88.14943780599167,4.233684990044706,662.8346652921978,0.766315009955294,5.0,3.714628150863813
Town05_Highway3,0,4,v_4_2,v_5_2,25,0.2905561827423966,2.159999230305424,97.84000076969456,4.233684990044706,662.8346652921978,0.766315009955294,5.0,3.714628150863813
Town05_Highway3,0,5,v_5_2,v_6_2,30,1.1657367495367033,1.8000002740158685,98.19999972598411,4.233684990044706,662.8346652921978,0.766315009955294,5.0,3.714628150863813
Town05_Highway3,0,6,v_6_2,v_7_2,25,0.4256211888313271,4.084064744706167,95.91593525529385,4.233684990044706,662.8346652921978,0.766315009955294,5.0,3.714628150863813
