graph_id,epoch,segment_index,start_node,end_node,speed,risk,cost,utility,delta,objective,remaining_after,total_budget,psi
Town05_Highway1,0,1,v_0_0,v_1_2,25,1.1110633712796725,22.17632196153418,77.82367803846583,4.701224516996275,272.40686511348974,0.29877548300372503,5.0,3.714628150863813
Town05_Highway1,0,2,v_1_2,v_2_2,30,2.952904146121339,3.616813108674256,96.38318689132576,4.701224516996275,272.40686511348974,0.29877548300372503,5.0,3.714628150863813
Town05_Highway1,0,0,v_2_2,v_3_2,30,0.6372569995952638,1.799999816301858,98.20000018369814,4.701224516996275,272.40686511348974,0.29877548300372503,5.0,3.714628150863813
Town05_Highway1,4,0,v_18_2,v_19_1,30,0.001,13.360000238431486,86.63999976156852,0.001610503260124541,86.63999976156852,0.2971649797436005,5.0,53796.84841797129
