graph_id,epoch,segment_index,start_node,end_node,speed,risk,cost,utility,delta,objective,remaining_after,total_budget,psi
Town05_Highway1,0,3,v_0_0,v_1_1,25,0.7573717597595512,12.231132920731106,87.76886707926889,3.8868073893271156,467.8068747666843,1.1131926106728844,5.0,3.714628150863813
Town05_Highway1,0,4,v_1_1,v_2_1,30,0.9581547566234352,3.6114310145219286,96.38856898547807,3.8868073893271156,467.8068747666843,1.1131926106728844,5.0,3.714628150863813
Town05_Highway1,0,0,v_2_1,v_3_1,20,0.3837508080891653,2.699999724452789,97.3000002755472,3.8868073893271156,467.8068747666843,1.1131926106728844,5.0,3.714628150863813
Town05_Highway1,0,2,v_3_1,v_4_1,30,1.3157524534305114,1.8000002537735678,98.19999974622644,3.8868073893271156,467.8068747666843,1.1131926106728844,5.0,3.714628150863813
Town05_Highway1,0,1,v_4_1,v_5_2,30,0.4717776114244526,11.850561319836316,88.14943868016368,3.8868073893271156,467.8068747666843,1.1131926106728844,5.0,3.714628150863813
Town05_Highway1,4,0,v_18_2,v_19_1,30,0.001,13.360000238431486,86.63999976156852,0.008467699251480425,86.63999976156852,1.104724911421404,5.0,10231.822976757361
