graph_id,epoch,segment_index,start_node,end_node,speed,risk,cost,utility,delta,objective,remaining_after,total_budget,psi
Town05_Highway2,0,3,v_0_0,v_1_2,30,1.5888215405428423,21.813601634611818,78.18639836538819,4.918031529770595,662.1661979725214,0.08196847022940457,5.0,3.714628150863813
Town05_Highway2,0,4,v_1_2,v_2_2,30,0.5442616154556429,3.616813108674256,96.38318689132576,4.918031529770595,662.1661979725214,0.08196847022940457,5.0,3.714628150863813
Town05_Highway2,0,1,v_2_2,v_3_2,30,0.4553921418733005,1.799999816301858,98.20000018369814,4.918031529770595,662.1661979725214,0.08196847022940457,5.0,3.714628150863813
Town05_Highway2,0,0,v_3_2,v_4_2,20,0.3012970789327718,2.700000411023804,97.2999995889762,4.918031529770595,662.1661979725214,0.08196847022940457,5.0,3.714628150863813
Town05_Highway2,0,2,v_4_2,v_5_2,30,1.6757547051805706,1.7999993585878535,98.20000064141216,4.918031529770595,662.1661979725214,0.08196847022940457,5.0,3.714628150863813
Town05_Highway2,0,6,v_5_2,v_6_2,20,0.3515044477854681,2.7000004110238027,97.2999995889762,4.918031529770595,662.1661979725214,0.08196847022940457,5.0,3.714628150863813
Town05_Highway2,0,5,v_6_2,v_7_2,30,0.001,3.403387287255139,96.59661271274486,4.918031529770595,662.1661979725214,0.08196847022940457,5.0,3.714628150863813
