graph_id,epoch,segment_index,start_node,end_node,speed,risk,cost,utility,delta,objective,remaining_after,total_budget,psi
Town05_Highway2,0,0,v_0_0,v_1_2,30,0.001,21.813601634611818,78.18639836538819,16.077685412250933,663.9661982465373,3.9223145877490673,20.0,3.714628150863813
Town05_Highway2,0,1,v_1_2,v_2_2,30,1.99669525749586,3.616813108674256,96.38318689132576,16.077685412250933,663.9661982465373,3.9223145877490673,20.0,3.714628150863813
Town05_Highway2,0,5,v_2_2,v_3_2,30,3.821823968154074,1.799999816301858,98.20000018369814,16.077685412250933,663.9661982465373,3.9223145877490673,20.0,3.714628150863813
Town05_Highway2,0,4,v_3_2,v_4_2,30,2.7221718735210314,1.800000274015869,98.19999972598411,16.077685412250933,663.9661982465373,3.9223145877490673,20.0,3.714628150863813
Town05_Highway2,0,2,v_4_2,v_5_2,30,1.7926565527263856,1.7999993585878535,98.20000064141216,16.077685412250933,663.9661982465373,3.9223145877490673,20.0,3.714628150863813
Town05_Highway2,0,6,v_5_2,v_6_2,30,4.328781491754315,1.8000002740158685,98.19999972598411,16.077685412250933,663.9661982465373,3.9223145877490673,20.0,3.714628150863813
Town05_Highway2,0,3,v_6_2,v_7_2,30,1.4145562685992652,3.403387287255139,96.59661271274486,16.077685412250933,663.9661982465373,3.9223145877490673,20.0,3.714628150863813
