graph_id,epoch,segment_index,start_node,end_node,speed,risk,cost,utility,delta,objective,remaining_after,total_budget,psi
Town05_Highway1,0,1,v_0_0,v_1_2,30,0.001,21.813601634611818,78.18639836538819,8.157169686952265,272.7695854404121,1.8428303130477346,10.0,3.714628150863813
Town05_Highway1,0,2,v_1_2,v_2_2,30,4.646378215421453,3.616813108674256,96.38318689132576,8.157169686952265,272.7695854404121,1.8428303130477346,10.0,3.714628150863813
Town05_Highway1,0,0,v_2_2,v_3_2,30,3.509791471530812,1.799999816301858,98.20000018369814,8.157169686952265,272.7695854404121,1.8428303130477346,10.0,3.714628150863813
