graph_id,epoch,segment_index,start_node,end_node,speed,risk,cost,utility,delta,objective,remaining_after,total_budget,psi
Town05_Highway1,0,2,v_0_0,v_1_2,30,0.001,21.813601634611818,78.18639836538819,4.749956939628251,370.9695851663962,0.25004306037174917,5.0,3.714628150863813
Town05_Highway1,0,3,v_1_2,v_2_2,30,2.011276237720204,3.616813108674256,96.38318689132576,4.749956939628251,370.9695851663962,0.25004306037174917,5.0,3.714628150863813
Town05_Highway1,0,1,v_2_2,v_3_2,30,2.7366807019080457,1.799999816301858,98.20000018369814,4.749956939628251,370.9695851663962,0.25004306037174917,5.0,3.714628150863813
Town05_Highway1,0,0,v_3_2,v_4_2,30,0.001,1.800000274015869,98.19999972598411,4.749956939628251,370.9695851663962,0.25004306037174917,5.0,3.714628150863813
Town05_Highway1,2,0,v_11_2,v_12_2,30,0.001,1.6419476496933194,98.35805235030668,0.004627055627247414,274.9111921116092,0.24541600474450176,5.0,59413.850677034316
Town05_Highway1,2,2,v_12_2,v_13_1,30,0.001,11.725745593971332,88.27425440602866,0.004627055627247414,274.9111921116092,0.24541600474450176,5.0,59413.850677034316
Town05_Highway1,2,1,v_13_1,v_14_2,30,0.001,11.721114644726155,88.27888535527384,0.004627055627247414,274.9111921116092,0.24541600474450176,5.0,59413.850677034316
