graph_id,epoch,segment_index,start_node,end_node,speed,risk,cost,utility,delta,objective,remaining_after,total_budget,psi
Town05_Highway2,0,0,v_0_0,v_1_2,30,0.2981278677742988,21.813601634611818,78.18639836538819,11.273632283995218,567.3695855337925,3.7263677160047823,15.0,3.714628150863813
Town05_Highway2,0,1,v_1_2,v_2_2,30,2.6813120799692824,3.616813108674256,96.38318689132576,11.273632283995218,567.3695855337925,3.7263677160047823,15.0,3.714628150863813
Town05_Highway2,0,4,v_2_2,v_3_2,30,1.525808453935787,1.799999816301858,98.20000018369814,11.273632283995218,567.3695855337925,3.7263677160047823,15.0,3.714628150863813
Town05_Highway2,0,3,v_3_2,v_4_2,30,4.059597466566807,1.800000274015869,98.19999972598411,11.273632283995218,567.3695855337925,3.7263677160047823,15.0,3.714628150863813
Town05_Highway2,0,2,v_4_2,v_5_2,30,1.7107376863749144,1.7999993585878535,98.20000064141216,11.273632283995218,567.3695855337925,3.7263677160047823,15.0,3.714628150863813
Town05_Highway2,0,5,v_5_2,v_6_2,30,0.9980487293741284,1.8000002740158685,98.19999972598411,11.273632283995218,567.3695855337925,3.7263677160047823,15.0,3.714628150863813
