graph_id,epoch,segment_index,start_node,end_node,speed,risk,cost,utility,delta,objective,remaining_after,total_budget,psi
Town05_Multiple Intersections,0,2,v_0_0,v_1_3,30,1.429985105562051,31.26178660678493,68.73821339321506,2.474281685080528,365.13821338306286,12.525718314919473,15.0,3.714628150863813
Town05_Multiple Intersections,0,3,v_1_3,v_2_3,30,1.0422965795184764,1.199999545708064,98.80000045429192,2.474281685080528,365.13821338306286,12.525718314919473,15.0,3.714628150863813
Town05_Multiple Intersections,0,1,v_2_3,v_3_3,30,0.001,1.200000918985981,98.79999908101402,2.474281685080528,365.13821338306286,12.525718314919473,15.0,3.714628150863813
Town05_Multiple Intersections,0,0,v_3_3,v_4_3,30,0.001,1.199999545458129,98.80000045454187,2.474281685080528,365.13821338306286,12.525718314919473,15.0,3.714628150863813
Town05_Multiple Intersections,1,3,v_4_3,v_5_3,30,2.8779342071262177,1.279199369996113,98.7208006300039,12.185213575818391,493.41194435365406,0.3405047391010818,15.0,19.94681998889742
Town05_Multiple Intersections,1,2,v_5_3,v_6_3,30,2.091046283057183,1.2184434398295625,98.78155656017044,12.185213575818391,493.41194435365406,0.3405047391010818,15.0,19.94681998889742
Town05_Multiple Intersections,1,1,v_6_3,v_7_3,25,3.2355423528332934,1.4197090585938543,98.58029094140616,12.185213575818391,493.41194435365406,0.3405047391010818,15.0,19.94681998889742
Town05_Multiple Intersections,1,0,v_7_3,v_8_3,30,2.057832732469808,1.2307037952815385,98.76929620471846,12.185213575818391,493.41194435365406,0.3405047391010818,15.0,19.94681998889742
Town05_Multiple Intersections,1,4,v_8_3,v_9_3,25,1.9228580003287297,1.4399999826448704,98.56000001735514,12.185213575818391,493.41194435365406,0.3405047391010818,15.0,19.94681998889742
