graph_id,epoch,segment_index,start_node,end_node,speed,risk,cost,utility,delta,objective,remaining_after,total_budget,psi
Town03_Roundabout,0,2,v_0_0,v_1_5,30,2.9871789947598075,51.19999930253974,48.80000069746026,12.173506633566902,246.40000026172484,7.826493366433098,20.0,3.714628150863813
Town03_Roundabout,0,1,v_1_5,v_2_5,30,4.4457002352453605,1.200000218048756,98.79999978195124,12.173506633566902,246.40000026172484,7.826493366433098,20.0,3.714628150863813
Town03_Roundabout,0,0,v_2_5,v_3_5,30,4.740627403561733,1.2000002176866946,98.79999978231332,12.173506633566902,246.40000026172484,7.826493366433098,20.0,3.714628150863813
