graph_id,epoch,segment_index,start_node,end_node,speed,risk,cost,utility,delta,objective,remaining_after,total_budget,psi
Town05_Highway2,0,0,v_0_0,v_1_2,30,0.1444773852171092,21.813601634611818,78.18639836538819,5.764390872081965,370.9695851663962,4.235609127918035,10.0,3.714628150863813
Town05_Highway2,0,1,v_1_2,v_2_2,30,0.001,3.616813108674256,96.38318689132576,5.764390872081965,370.9695851663962,4.235609127918035,10.0,3.714628150863813
Town05_Highway2,0,3,v_2_2,v_3_2,30,0.6814705007484516,1.799999816301858,98.20000018369814,5.764390872081965,370.9695851663962,4.235609127918035,10.0,3.714628150863813
Town05_Highway2,0,2,v_3_2,v_4_2,30,4.937442986116404,1.800000274015869,98.19999972598411,5.764390872081965,370.9695851663962,4.235609127918035,10.0,3.714628150863813
