graph_id,epoch,segment_index,start_node,end_node,speed,risk,cost,utility,delta,objective,remaining_after,total_budget,psi
Town05_Highway1,0,4,v_0_0,v_1_1,30,0.001,11.859277433942587,88.1407225660574,10.310631081898281,567.2787299044028,4.689368918101719,15.0,3.714628150863813
Town05_Highway1,0,5,v_1_1,v_2_1,30,2.070932990393402,3.6114310145219286,96.38856898547807,10.310631081898281,567.2787299044028,4.689368918101719,15.0,3.714628150863813
Town05_Highway1,0,0,v_2_1,v_3_1,30,0.001,1.7999998163018591,98.20000018369814,10.310631081898281,567.2787299044028,4.689368918101719,15.0,3.714628150863813
Town05_Highway1,0,3,v_3_1,v_4_1,30,2.0516564388403475,1.8000002537735678,98.19999974622644,10.310631081898281,567.2787299044028,4.689368918101719,15.0,3.714628150863813
Town05_Highway1,0,2,v_4_1,v_5_1,30,4.104563805982055,1.7999993788301545,98.20000062116983,10.310631081898281,567.2787299044028,4.689368918101719,15.0,3.714628150863813
Town05_Highway1,0,1,v_5_1,v_6_2,30,2.081477846682476,11.850562198227214,88.14943780177279,10.310631081898281,567.2787299044028,4.689368918101719,15.0,3.714628150863813
