graph_id,epoch,segment_index,start_node,end_node,speed,risk,cost,utility,delta,objective,remaining_after,total_budget,psi
Town01_T-Intersection,0,1,v_0_0,v_1_6,30,0.8307996504527709,61.200000003928736,38.799999996071264,2.0731666085235303,236.39999998807326,2.9268333914764697,5.0,3.714628150863813
Town01_T-Intersection,0,0,v_1_6,v_2_6,30,1.2413669580707591,1.2000000040738328,98.79999999592616,2.0731666085235303,236.39999998807326,2.9268333914764697,5.0,3.714628150863813
Town01_T-Intersection,0,2,v_2_6,v_3_6,30,0.001,1.2000000039241798,98.79999999607584,2.0731666085235303,236.39999998807326,2.9268333914764697,5.0,3.714628150863813
Town01_T-Intersection,1,0,v_3_6,v_4_5,25,0.3165580085529335,11.450139279136328,88.54986072086368,0.9411285863113863,374.7014145305961,1.9857048051650834,5.0,253.9694485510487
Town01_T-Intersection,1,1,v_4_5,v_5_6,30,0.001,11.208446181484772,88.79155381851523,0.9411285863113863,374.7014145305961,1.9857048051650834,5.0,253.9694485510487
Town01_T-Intersection,1,2,v_5_6,v_6_6,30,0.1701628359622649,1.200000004073836,98.79999999592616,0.9411285863113863,374.7014145305961,1.9857048051650834,5.0,253.9694485510487
Town01_T-Intersection,1,3,v_6_6,v_7_6,25,0.4534077417961879,1.4400000047090116,98.559999995291,0.9411285863113863,374.7014145305961,1.9857048051650834,5.0,253.9694485510487
