graph_id,epoch,segment_index,start_node,end_node,speed,risk,cost,utility,delta,objective,remaining_after,total_budget,psi
Town05_Highway2,0,3,v_0_0,v_1_2,30,3.6532640291601055,21.813601634611818,78.18639836538819,14.730697004515875,567.3695855337925,5.269302995484125,20.0,3.714628150863813
Town05_Highway2,0,4,v_1_2,v_2_2,30,0.2138622027115729,3.616813108674256,96.38318689132576,14.730697004515875,567.3695855337925,5.269302995484125,20.0,3.714628150863813
Town05_Highway2,0,1,v_2_2,v_3_2,30,3.643916658648711,1.799999816301858,98.20000018369814,14.730697004515875,567.3695855337925,5.269302995484125,20.0,3.714628150863813
Town05_Highway2,0,0,v_3_2,v_4_2,30,2.0631640480399347,1.800000274015869,98.19999972598411,14.730697004515875,567.3695855337925,5.269302995484125,20.0,3.714628150863813
Town05_Highway2,0,2,v_4_2,v_5_2,30,0.8757123390037054,1.7999993585878535,98.20000064141216,14.730697004515875,567.3695855337925,5.269302995484125,20.0,3.714628150863813
Town05_Highway2,0,5,v_5_2,v_6_2,30,4.280777726951845,1.8000002740158685,98.19999972598411,14.730697004515875,567.3695855337925,5.269302995484125,20.0,3.714628150863813
