graph_id,epoch,segment_index,start_node,end_node,speed,risk,cost,utility,delta,objective,remaining_after,total_budget,psi
Town03_Roundabout,0,2,v_0_0,v_1_1,30,2.3234578530831387,11.331834337931207,88.66816566206879,4.383540103287333,246.20092957386944,0.6164598967126667,5.0,3.714628150863813
Town03_Roundabout,0,1,v_1_1,v_2_3,30,0.7610959547020116,21.233618091603116,78.76638190839688,4.383540103287333,246.20092957386944,0.6164598967126667,5.0,3.714628150863813
Town03_Roundabout,0,0,v_2_3,v_3_5,30,1.2989862955021827,21.233617996596223,78.76638200340378,4.383540103287333,246.20092957386944,0.6164598967126667,5.0,3.714628150863813
Town03_Roundabout,2,1,v_10_3,v_11_5,30,0.001,21.588116244523253,78.41188375547675,0.008726412304363718,245.71090778741433,0.6077334844083029,5.0,28157.15086766464
Town03_Roundabout,2,2,v_8_6,v_9_6,30,0.001,1.32322029661332,98.67677970338669,0.008726412304363718,245.71090778741433,0.6077334844083029,5.0,28157.15086766464
Town03_Roundabout,2,0,v_9_6,v_10_3,30,0.001,31.377755671449137,68.62224432855086,0.008726412304363718,245.71090778741433,0.6077334844083029,5.0,28157.15086766464
