graph_id,epoch,segment_index,start_node,end_node,speed,risk,cost,utility,delta,objective,remaining_after,total_budget,psi
Town05_Multiple Intersections,0,3,v_0_0,v_1_2,30,0.001,21.28631811155076,78.71368188844924,4.66091843154879,463.57024805732806,0.33908156845120985,5.0,3.714628150863813
Town05_Multiple Intersections,0,1,v_1_2,v_2_2,30,1.2757865627798848,1.199999545708064,98.80000045429192,4.66091843154879,463.57024805732806,0.33908156845120985,5.0,3.714628150863813
Town05_Multiple Intersections,0,2,v_2_2,v_3_2,30,1.3449807806520595,1.2000009224849884,98.799999077515,4.66091843154879,463.57024805732806,0.33908156845120985,5.0,3.714628150863813
Town05_Multiple Intersections,0,4,v_3_2,v_4_2,25,2.0381510881168463,1.4399995705125317,98.56000042948747,4.66091843154879,463.57024805732806,0.33908156845120985,5.0,3.714628150863813
Town05_Multiple Intersections,0,0,v_4_2,v_5_3,30,0.001,11.303433792415548,88.69656620758445,4.66091843154879,463.57024805732806,0.33908156845120985,5.0,3.714628150863813
