graph_id,epoch,segment_index,start_node,end_node,speed,risk,cost,utility,delta,objective,remaining_after,total_budget,psi
Town05_Highway2,0,3,v_0_0,v_1_2,30,2.4668167874366045,21.813601634611818,78.18639836538819,9.490942381142,469.16958580780835,0.5090576188579998,10.0,3.714628150863813
Town05_Highway2,0,4,v_1_2,v_2_2,30,2.967142805276316,3.616813108674256,96.38318689132576,9.490942381142,469.16958580780835,0.5090576188579998,10.0,3.714628150863813
Town05_Highway2,0,1,v_2_2,v_3_2,30,0.6198155513708163,1.799999816301858,98.20000018369814,9.490942381142,469.16958580780835,0.5090576188579998,10.0,3.714628150863813
Town05_Highway2,0,0,v_3_2,v_4_2,30,2.126174344504848,1.800000274015869,98.19999972598411,9.490942381142,469.16958580780835,0.5090576188579998,10.0,3.714628150863813
Town05_Highway2,0,2,v_4_2,v_5_2,30,1.310992892553415,1.7999993585878535,98.20000064141216,9.490942381142,469.16958580780835,0.5090576188579998,10.0,3.714628150863813
