graph_id,epoch,segment_index,start_node,end_node,speed,risk,cost,utility,delta,objective,remaining_after,total_budget,psi
Town01_T-Intersection,0,2,v_0_0,v_1_6,30,3.218857973550791,61.200000003928736,38.799999996071264,14.460412807833798,335.1999999841491,5.539587192166202,20.0,3.714628150863813
Town01_T-Intersection,0,1,v_1_6,v_2_6,30,4.144582878199081,1.2000000040738328,98.79999999592616,14.460412807833798,335.1999999841491,5.539587192166202,20.0,3.714628150863813
Town01_T-Intersection,0,0,v_2_6,v_3_6,30,3.1940555704767237,1.2000000039241798,98.79999999607584,14.460412807833798,335.1999999841491,5.539587192166202,20.0,3.714628150863813
Town01_T-Intersection,0,3,v_3_6,v_4_6,30,3.9029163856072016,1.2000000039241885,98.7999999960758,14.460412807833798,335.1999999841491,5.539587192166202,20.0,3.714628150863813
Town01_T-Intersection,3,0,v_16_6,v_17_1,30,0.001,51.40310188715064,48.59689811284936,0.03334046662999058,196.08825733603817,5.5062467255362115,20.0,5881.389109282949
Town01_T-Intersection,3,1,v_17_1,v_18_4,30,0.001,31.275017091785006,68.724982908215,0.03334046662999058,196.08825733603817,5.5062467255362115,20.0,5881.389109282949
Town01_T-Intersection,3,2,v_18_4,v_19_6,30,0.001,21.23362368502621,78.7663763149738,0.03334046662999058,196.08825733603817,5.5062467255362115,20.0,5881.389109282949
