graph_id,epoch,segment_index,start_node,end_node,speed,risk,cost,utility,delta,objective,remaining_after,total_budget,psi
Town05_Highway2,0,3,v_0_0,v_1_2,30,4.535577891998544,21.813601634611818,78.18639836538819,14.488256644180998,663.9661982465373,0.5117433558190019,15.0,3.714628150863813
Town05_Highway2,0,4,v_1_2,v_2_2,30,2.1248377173573534,3.616813108674256,96.38318689132576,14.488256644180998,663.9661982465373,0.5117433558190019,15.0,3.714628150863813
Town05_Highway2,0,1,v_2_2,v_3_2,30,0.1336797141279673,1.799999816301858,98.20000018369814,14.488256644180998,663.9661982465373,0.5117433558190019,15.0,3.714628150863813
Town05_Highway2,0,0,v_3_2,v_4_2,30,3.2224642110012045,1.800000274015869,98.19999972598411,14.488256644180998,663.9661982465373,0.5117433558190019,15.0,3.714628150863813
Town05_Highway2,0,2,v_4_2,v_5_2,30,4.249739529750173,1.7999993585878535,98.20000064141216,14.488256644180998,663.9661982465373,0.5117433558190019,15.0,3.714628150863813
Town05_Highway2,0,6,v_5_2,v_6_2,30,0.2209575799457572,1.8000002740158685,98.19999972598411,14.488256644180998,663.9661982465373,0.5117433558190019,15.0,3.714628150863813
Town05_Highway2,0,5,v_6_2,v_7_2,30,0.001,3.403387287255139,96.59661271274486,14.488256644180998,663.9661982465373,0.5117433558190019,15.0,3.714628150863813
