graph_id,epoch,segment_index,start_node,end_node,speed,risk,cost,utility,delta,objective,remaining_after,total_budget,psi
Town05_Highway2,0,0,v_0_0,v_1_1,30,0.001,11.859277433942587,88.1407225660574,3.13599370989675,567.3050601503335,1.8640062901032501,5.0,3.714628150863813
Town05_Highway2,0,3,v_1_1,v_2_2,30,0.001,13.635662692802416,86.36433730719759,3.13599370989675,567.3050601503335,1.8640062901032501,5.0,3.714628150863813
Town05_Highway2,0,4,v_2_2,v_3_2,30,0.001,1.799999816301858,98.20000018369814,3.13599370989675,567.3050601503335,1.8640062901032501,5.0,3.714628150863813
Town05_Highway2,0,2,v_3_2,v_4_2,30,0.001,1.800000274015869,98.19999972598411,3.13599370989675,567.3050601503335,1.8640062901032501,5.0,3.714628150863813
Town05_Highway2,0,1,v_4_2,v_5_2,30,1.9594927916304836,1.7999993585878535,98.20000064141216,3.13599370989675,567.3050601503335,1.8640062901032501,5.0,3.714628150863813
Town05_Highway2,0,5,v_5_2,v_6_2,30,1.1725009182662665,1.8000002740158685,98.19999972598411,3.13599370989675,567.3050601503335,1.8640062901032501,5.0,3.714628150863813
