graph_id,epoch,segment_index,start_node,end_node,speed,risk,cost,utility,delta,objective,remaining_after,total_budget,psi
Town05_Highway3,0,3,v_0_0,v_1_2,30,3.457575551944122,21.813601634611818,78.18639836538819,11.102834112574824,567.3695855337925,3.8971658874251762,15.0,3.714628150863813
Town05_Highway3,0,4,v_1_2,v_2_2,30,3.766011706461213,3.616813108674256,96.38318689132576,11.102834112574824,567.3695855337925,3.8971658874251762,15.0,3.714628150863813
Town05_Highway3,0,2,v_2_2,v_3_2,30,1.261432203190836,1.799999816301858,98.20000018369814,11.102834112574824,567.3695855337925,3.8971658874251762,15.0,3.714628150863813
Town05_Highway3,0,5,v_3_2,v_4_2,30,0.6945829331296131,1.800000274015869,98.19999972598411,11.102834112574824,567.3695855337925,3.8971658874251762,15.0,3.714628150863813
Town05_Highway3,0,1,v_4_2,v_5_2,30,0.4232093443517165,1.7999993585878535,98.20000064141216,11.102834112574824,567.3695855337925,3.8971658874251762,15.0,3.714628150863813
Town05_Highway3,0,0,v_5_2,v_6_2,30,1.5000223734973233,1.8000002740158685,98.19999972598411,11.102834112574824,567.3695855337925,3.8971658874251762,15.0,3.714628150863813
