graph_id,epoch,segment_index,start_node,end_node,speed,risk,cost,utility,delta,objective,remaining_after,total_budget,psi
Town05_Multiple Intersections,0,2,v_0_0,v_1_2,30,2.720038574395493,21.28631811155076,78.71368188844924,6.929609063081777,365.0879018332354,3.0703909369182227,10.0,3.714628150863813
Town05_Multiple Intersections,0,3,v_1_2,v_2_3,30,0.001,11.225779590769784,88.77422040923022,6.929609063081777,365.0879018332354,3.0703909369182227,10.0,3.714628150863813
Town05_Multiple Intersections,0,1,v_2_3,v_3_3,30,0.001,1.200000918985981,98.79999908101402,6.929609063081777,365.0879018332354,3.0703909369182227,10.0,3.714628150863813
Town05_Multiple Intersections,0,0,v_3_3,v_4_3,30,4.207570488686284,1.199999545458129,98.80000045454187,6.929609063081777,365.0879018332354,3.0703909369182227,10.0,3.714628150863813
