graph_id,epoch,segment_index,start_node,end_node,speed,risk,cost,utility,delta,objective,remaining_after,total_budget,psi
Town05_Highway1,0,1,v_0_0,v_1_2,30,0.1379530299396222,21.813601634611818,78.18639836538819,2.0897820085734202,272.7695854404121,12.91021799142658,15.0,3.714628150863813
Town05_Highway1,0,2,v_1_2,v_2_2,30,1.713794589256924,3.616813108674256,96.38318689132576,2.0897820085734202,272.7695854404121,12.91021799142658,15.0,3.714628150863813
Town05_Highway1,0,0,v_2_2,v_3_2,30,0.2380343893768739,1.799999816301858,98.20000018369814,2.0897820085734202,272.7695854404121,12.91021799142658,15.0,3.714628150863813
Town05_Highway1,1,4,v_3_2,v_4_2,30,4.993853881142271,1.800000274015869,98.19999972598411,9.247133821290888,587.9127148198961,3.6630841701356918,15.0,15.361698455330275
Town05_Highway1,1,3,v_4_2,v_5_2,30,0.5224182145550158,1.7999993585878535,98.20000064141216,9.247133821290888,587.9127148198961,3.6630841701356918,15.0,15.361698455330275
Town05_Highway1,1,5,v_5_2,v_6_2,30,0.001,1.8000002740158685,98.19999972598411,9.247133821290888,587.9127148198961,3.6630841701356918,15.0,15.361698455330275
Town05_Highway1,1,0,v_6_2,v_7_2,30,0.5232847847493846,3.403387287255139,96.59661271274486,9.247133821290888,587.9127148198961,3.6630841701356918,15.0,15.361698455330275
Town05_Highway1,1,2,v_7_2,v_8_2,30,3.205576940844218,1.6419504909372902,98.35804950906272,9.247133821290888,587.9127148198961,3.6630841701356918,15.0,15.361698455330275
Town05_Highway1,1,1,v_8_2,v_9_2,30,0.001,1.6419474952918114,98.35805250470818,9.247133821290888,587.9127148198961,3.6630841701356918,15.0,15.361698455330275
