graph_id,epoch,segment_index,start_node,end_node,speed,risk,cost,utility,delta,objective,remaining_after,total_budget,psi
Town05_Multiple Intersections,0,2,v_0_0,v_1_1,30,1.856194329774549,11.358544269447288,88.6414557305527,4.4338794697686,266.18989520692236,0.5661205302313999,5.0,3.714628150863813
Town05_Multiple Intersections,0,0,v_1_1,v_2_2,30,0.001,11.225779590769784,88.77422040923022,4.4338794697686,266.18989520692236,0.5661205302313999,5.0,3.714628150863813
Town05_Multiple Intersections,0,1,v_2_2,v_3_3,30,2.576685139994051,11.22578093286057,88.77421906713943,4.4338794697686,266.18989520692236,0.5661205302313999,5.0,3.714628150863813
