graph_id,epoch,segment_index,start_node,end_node,speed,risk,cost,utility,delta,objective,remaining_after,total_budget,psi
Town05_Highway1,0,3,v_0_0,v_1_2,30,0.4207731266071352,21.813601634611818,78.18639836538819,6.569230488372257,469.16958580780835,13.430769511627743,20.0,3.714628150863813
Town05_Highway1,0,4,v_1_2,v_2_2,30,2.0013880165173785,3.616813108674256,96.38318689132576,6.569230488372257,469.16958580780835,13.430769511627743,20.0,3.714628150863813
Town05_Highway1,0,2,v_2_2,v_3_2,30,3.7713770512964433,1.799999816301858,98.20000018369814,6.569230488372257,469.16958580780835,13.430769511627743,20.0,3.714628150863813
Town05_Highway1,0,1,v_3_2,v_4_2,30,0.3746922939513007,1.800000274015869,98.19999972598411,6.569230488372257,469.16958580780835,13.430769511627743,20.0,3.714628150863813
Town05_Highway1,0,0,v_4_2,v_5_2,30,0.001,1.7999993585878535,98.20000064141216,6.569230488372257,469.16958580780835,13.430769511627743,20.0,3.714628150863813
Town05_Highway1,1,2,v_5_2,v_6_2,30,0.001,1.8000002740158685,98.19999972598411,2.777468601914395,293.1546619477917,10.653300909713348,20.0,105.54742607917592
Town05_Highway1,1,0,v_6_2,v_7_2,30,1.5770187044558714,3.403387287255139,96.59661271274486,2.777468601914395,293.1546619477917,10.653300909713348,20.0,105.54742607917592
Town05_Highway1,1,1,v_7_2,v_8_2,30,0.3519611341571638,1.6419504909372902,98.35804950906272,2.777468601914395,293.1546619477917,10.653300909713348,20.0,105.54742607917592
