graph_id,epoch,segment_index,start_node,end_node,speed,risk,cost,utility,delta,objective,remaining_after,total_budget,psi
Town05_Highway1,0,2,v_0_0,v_1_2,30,3.5082597063107706,21.813601634611818,78.18639836538819,10.804445046939431,370.9695851663962,9.195554953060569,20.0,3.714628150863813
Town05_Highway1,0,1,v_1_2,v_2_2,30,3.5932676034279623,3.616813108674256,96.38318689132576,10.804445046939431,370.9695851663962,9.195554953060569,20.0,3.714628150863813
Town05_Highway1,0,3,v_2_2,v_3_2,30,1.0912064840231694,1.799999816301858,98.20000018369814,10.804445046939431,370.9695851663962,9.195554953060569,20.0,3.714628150863813
Town05_Highway1,0,0,v_3_2,v_4_2,30,2.611711253177529,1.800000274015869,98.19999972598411,10.804445046939431,370.9695851663962,9.195554953060569,20.0,3.714628150863813
Town05_Highway1,3,3,v_12_2,v_13_2,30,0.1507342051935394,1.641946319096723,98.35805368090328,0.39977599496137933,365.0594878129445,8.79577895809919,20.0,913.1601006914168
Town05_Highway1,3,1,v_13_2,v_14_2,5,0.219922778667671,9.8517024455553,90.1482975544447,0.39977599496137933,365.0594878129445,8.79577895809919,20.0,913.1601006914168
Town05_Highway1,3,0,v_14_2,v_15_1,30,0.001,11.72574925690512,88.27425074309488,0.39977599496137933,365.0594878129445,8.79577895809919,20.0,913.1601006914168
Town05_Highway1,3,2,v_15_1,v_16_2,30,0.001,11.721114165498394,88.27888583450161,0.39977599496137933,365.0594878129445,8.79577895809919,20.0,913.1601006914168
