graph_id,epoch,segment_index,start_node,end_node,speed,risk,cost,utility,delta,objective,remaining_after,total_budget,psi
Town03_Roundabout,0,2,v_0_0,v_1_5,30,0.001,51.19999930253974,48.80000069746026,0.9686344332450005,246.40000026172484,4.0313655667549995,5.0,3.714628150863813
Town03_Roundabout,0,1,v_1_5,v_2_5,30,0.4340814521069254,1.200000218048756,98.79999978195124,0.9686344332450005,246.40000026172484,4.0313655667549995,5.0,3.714628150863813
Town03_Roundabout,0,0,v_2_5,v_3_5,30,0.5335529811380751,1.2000002176866946,98.79999978231332,0.9686344332450005,246.40000026172484,4.0313655667549995,5.0,3.714628150863813
Town03_Roundabout,1,1,v_3_5,v_4_5,30,2.129082830129718,1.1999997602942465,98.80000023970577,2.2803063500582312,394.9348580335389,1.7510592166967682,5.0,26.742988279850167
Town03_Roundabout,1,0,v_4_5,v_5_5,25,0.1492235199285131,1.4400002616585037,98.5599997383415,2.2803063500582312,394.9348580335389,1.7510592166967682,5.0,26.742988279850167
Town03_Roundabout,1,2,v_5_5,v_6_5,30,0.001,1.2762668176811436,98.72373318231884,2.2803063500582312,394.9348580335389,1.7510592166967682,5.0,26.742988279850167
Town03_Roundabout,1,3,v_6_5,v_7_5,30,0.001,1.1488751268272055,98.8511248731728,2.2803063500582312,394.9348580335389,1.7510592166967682,5.0,26.742988279850167
