graph_id,epoch,segment_index,start_node,end_node,speed,risk,cost,utility,delta,objective,remaining_after,total_budget,psi
Town05_Highway1,0,2,v_0_0,v_1_1,30,0.6150325384046336,11.859277433942587,88.1407225660574,9.523870043316569,370.9050597829372,0.4761299566834314,10.0,3.714628150863813
Town05_Highway1,0,3,v_1_1,v_2_2,30,3.627321610487369,13.635662692802416,86.36433730719759,9.523870043316569,370.9050597829372,0.4761299566834314,10.0,3.714628150863813
Town05_Highway1,0,1,v_2_2,v_3_2,30,2.9727494439425737,1.799999816301858,98.20000018369814,9.523870043316569,370.9050597829372,0.4761299566834314,10.0,3.714628150863813
Town05_Highway1,0,0,v_3_2,v_4_2,30,2.308766450481993,1.800000274015869,98.19999972598411,9.523870043316569,370.9050597829372,0.4761299566834314,10.0,3.714628150863813
