graph_id,epoch,segment_index,start_node,end_node,speed,risk,cost,utility,delta,objective,remaining_after,total_budget,psi
Town05_Highway1,0,3,v_0_0,v_1_2,30,0.1389479181242017,21.813601634611818,78.18639836538819,4.999807505142651,468.08622313127034,0.00019249485734906813,5.0,3.714628150863813
Town05_Highway1,0,2,v_1_2,v_2_2,25,0.9945430778358504,4.340175730409108,95.6598242695909,4.999807505142651,468.08622313127034,0.00019249485734906813,5.0,3.714628150863813
Town05_Highway1,0,4,v_2_2,v_3_2,30,1.626737775699984,1.799999816301858,98.20000018369814,4.999807505142651,468.08622313127034,0.00019249485734906813,5.0,3.714628150863813
Town05_Highway1,0,0,v_3_2,v_4_2,25,2.0479939049968445,2.160000328819043,97.83999967118096,4.999807505142651,468.08622313127034,0.00019249485734906813,5.0,3.714628150863813
Town05_Highway1,0,1,v_4_2,v_5_2,30,0.1915848284857707,1.7999993585878535,98.20000064141216,4.999807505142651,468.08622313127034,0.00019249485734906813,5.0,3.714628150863813
