graph_id,epoch,segment_index,start_node,end_node,speed,risk,cost,utility,delta,objective,remaining_after,total_budget,psi
Town01_T-Intersection,0,1,v_0_0,v_1_6,30,4.672915800111262,61.200000003928736,38.799999996071264,6.331632419132214,236.39999998807326,3.668367580867786,10.0,3.714628150863813
Town01_T-Intersection,0,0,v_1_6,v_2_6,30,0.1396113120604027,1.2000000040738328,98.79999999592616,6.331632419132214,236.39999998807326,3.668367580867786,10.0,3.714628150863813
Town01_T-Intersection,0,2,v_2_6,v_3_6,30,1.5191053069605498,1.2000000039241798,98.79999999607584,6.331632419132214,236.39999998807326,3.668367580867786,10.0,3.714628150863813
