graph_id,epoch,segment_index,start_node,end_node,speed,risk,cost,utility,delta,objective,remaining_after,total_budget,psi
Town05_Highway2,0,1,v_0_0,v_1_1,30,0.001,11.859277433942587,88.1407225660574,6.672949262307869,663.8753426148545,3.327050737692131,10.0,3.714628150863813
Town05_Highway2,0,5,v_1_1,v_2_1,30,0.452383013819722,3.6114310145219286,96.38856898547807,6.672949262307869,663.8753426148545,3.327050737692131,10.0,3.714628150863813
Town05_Highway2,0,0,v_2_1,v_3_2,30,0.9817435378828052,11.850561742806212,88.1494382571938,6.672949262307869,663.8753426148545,3.327050737692131,10.0,3.714628150863813
Town05_Highway2,0,4,v_3_2,v_4_2,30,2.672985185084907,1.800000274015869,98.19999972598411,6.672949262307869,663.8753426148545,3.327050737692131,10.0,3.714628150863813
Town05_Highway2,0,2,v_4_2,v_5_2,30,2.562837525520435,1.7999993585878535,98.20000064141216,6.672949262307869,663.8753426148545,3.327050737692131,10.0,3.714628150863813
Town05_Highway2,0,6,v_5_2,v_6_2,30,0.001,1.8000002740158685,98.19999972598411,6.672949262307869,663.8753426148545,3.327050737692131,10.0,3.714628150863813
Town05_Highway2,0,3,v_6_2,v_7_2,30,0.001,3.403387287255139,96.59661271274486,6.672949262307869,663.8753426148545,3.327050737692131,10.0,3.714628150863813
