graph_id,epoch,segment_index,start_node,end_node,speed,risk,cost,utility,delta,objective,remaining_after,total_budget,psi
Town03_Roundabout,0,4,v_0_0,v_1_4,30,0.001,41.20844729159155,58.79155270840845,4.654983559107182,443.9831043188161,0.3450164408928176,5.0,3.714628150863813
Town03_Roundabout,0,3,v_1_4,v_2_4,30,4.650983559107183,1.2000002466582755,98.79999975334172,4.654983559107182,443.9831043188161,0.3450164408928176,5.0,3.714628150863813
Town03_Roundabout,0,2,v_2_4,v_3_5,30,0.001,11.208448164591124,88.79155183540888,4.654983559107182,443.9831043188161,0.3450164408928176,5.0,3.714628150863813
Town03_Roundabout,0,1,v_3_5,v_4_5,30,0.001,1.1999997602942465,98.80000023970577,4.654983559107182,443.9831043188161,0.3450164408928176,5.0,3.714628150863813
Town03_Roundabout,0,0,v_4_5,v_5_5,30,0.001,1.200000218048753,98.79999978195124,4.654983559107182,443.9831043188161,0.3450164408928176,5.0,3.714628150863813
