graph_id,epoch,segment_index,start_node,end_node,speed,risk,cost,utility,delta,objective,remaining_after,total_budget,psi
Town05_Highway1,0,1,v_0_0,v_1_2,30,4.028035914365245,21.813601634611818,78.18639836538819,6.294998911131263,272.7695854404121,3.7050010888687366,10.0,3.714628150863813
Town05_Highway1,0,0,v_1_2,v_2_2,30,0.9848179829437376,3.616813108674256,96.38318689132576,6.294998911131263,272.7695854404121,3.7050010888687366,10.0,3.714628150863813
Town05_Highway1,0,2,v_2_2,v_3_2,30,1.2821450138222816,1.799999816301858,98.20000018369814,6.294998911131263,272.7695854404121,3.7050010888687366,10.0,3.714628150863813
