graph_id,epoch,segment_index,start_node,end_node,speed,risk,cost,utility,delta,objective,remaining_after,total_budget,psi
Town03_Roundabout,0,4,v_0_0,v_1_5,30,0.001,51.19999930253974,48.80000069746026,13.341315074467698,444.00000028338184,1.6586849255323024,15.0,3.714628150863813
Town03_Roundabout,0,3,v_1_5,v_2_5,30,2.797131326639887,1.200000218048756,98.79999978195124,13.341315074467698,444.00000028338184,1.6586849255323024,15.0,3.714628150863813
Town03_Roundabout,0,2,v_2_5,v_3_5,30,4.539248393219292,1.2000002176866946,98.79999978231332,13.341315074467698,444.00000028338184,1.6586849255323024,15.0,3.714628150863813
Town03_Roundabout,0,1,v_3_5,v_4_5,30,2.5169151903668587,1.1999997602942465,98.80000023970577,13.341315074467698,444.00000028338184,1.6586849255323024,15.0,3.714628150863813
Town03_Roundabout,0,0,v_4_5,v_5_5,30,3.487020164241661,1.200000218048753,98.79999978195124,13.341315074467698,444.00000028338184,1.6586849255323024,15.0,3.714628150863813
Town03_Roundabout,4,0,v_14_5,v_15_1,30,0.001,41.331835010208096,58.668164989791904,0.0048770402277732924,156.31601926300726,1.653807885304529,15.0,32051.410684052607
Town03_Roundabout,4,1,v_15_1,v_16_1,30,0.001,2.352145726784632,97.64785427321536,0.0048770402277732924,156.31601926300726,1.653807885304529,15.0,32051.410684052607
