graph_id,epoch,segment_index,start_node,end_node,speed,risk,cost,utility,delta,objective,remaining_after,total_budget,psi
Town05_Highway3,0,4,v_0_0,v_1_1,30,0.5667678452572029,11.859277433942587,88.1407225660574,9.066280667600733,567.2787298876078,0.9337193323992672,10.0,3.714628150863813
Town05_Highway3,0,5,v_1_1,v_2_1,30,1.2020096244387402,3.6114310145219286,96.38856898547807,9.066280667600733,567.2787298876078,0.9337193323992672,10.0,3.714628150863813
Town05_Highway3,0,3,v_2_1,v_3_1,30,0.5355179212745206,1.7999998163018591,98.20000018369814,9.066280667600733,567.2787298876078,0.9337193323992672,10.0,3.714628150863813
Town05_Highway3,0,2,v_3_1,v_4_1,30,2.7990859719923957,1.8000002537735678,98.19999974622644,9.066280667600733,567.2787298876078,0.9337193323992672,10.0,3.714628150863813
Town05_Highway3,0,1,v_4_1,v_5_2,30,3.961899304637873,11.850561319836316,88.14943868016368,9.066280667600733,567.2787298876078,0.9337193323992672,10.0,3.714628150863813
Town05_Highway3,0,0,v_5_2,v_6_2,30,0.001,1.8000002740158685,98.19999972598411,9.066280667600733,567.2787298876078,0.9337193323992672,10.0,3.714628150863813
