graph_id,epoch,segment_index,start_node,end_node,speed,risk,cost,utility,delta,objective,remaining_after,total_budget,psi
Town05_Multiple Intersections,0,5,v_0_0,v_1_2,30,1.4381007674186657,21.28631811155076,78.71368188844924,8.696570070590482,661.4071681412481,1.3034299294095177,10.0,3.714628150863813
Town05_Multiple Intersections,0,2,v_1_2,v_2_3,30,0.001,11.225779590769784,88.77422040923022,8.696570070590482,661.4071681412481,1.3034299294095177,10.0,3.714628150863813
Town05_Multiple Intersections,0,3,v_2_3,v_3_3,30,1.543386039895239,1.200000918985981,98.79999908101402,8.696570070590482,661.4071681412481,1.3034299294095177,10.0,3.714628150863813
Town05_Multiple Intersections,0,0,v_3_3,v_4_3,30,4.054327760368585,1.199999545458129,98.80000045454187,8.696570070590482,661.4071681412481,1.3034299294095177,10.0,3.714628150863813
Town05_Multiple Intersections,0,4,v_4_3,v_5_3,30,1.4971859660511806,1.279199369996113,98.7208006300039,8.696570070590482,661.4071681412481,1.3034299294095177,10.0,3.714628150863813
Town05_Multiple Intersections,0,6,v_5_3,v_6_3,30,0.001,1.2184434398295625,98.78155656017044,8.696570070590482,661.4071681412481,1.3034299294095177,10.0,3.714628150863813
Town05_Multiple Intersections,0,1,v_6_3,v_7_3,30,0.161569536856811,1.1830908821615451,98.81690911783843,8.696570070590482,661.4071681412481,1.3034299294095177,10.0,3.714628150863813
