graph_id,epoch,segment_index,start_node,end_node,speed,risk,cost,utility,delta,objective,remaining_after,total_budget,psi
Town05_Highway3,0,5,v_0_0,v_1_2,30,3.860375236933121,21.813601634611818,78.18639836538819,17.104497813672175,567.3695855337925,2.8955021863278247,20.0,3.714628150863813
Town05_Highway3,0,2,v_1_2,v_2_2,30,4.253832968776452,3.616813108674256,96.38318689132576,17.104497813672175,567.3695855337925,2.8955021863278247,20.0,3.714628150863813
Town05_Highway3,0,4,v_2_2,v_3_2,30,1.380961500588606,1.799999816301858,98.20000018369814,17.104497813672175,567.3695855337925,2.8955021863278247,20.0,3.714628150863813
Town05_Highway3,0,1,v_3_2,v_4_2,30,4.160790972488679,1.800000274015869,98.19999972598411,17.104497813672175,567.3695855337925,2.8955021863278247,20.0,3.714628150863813
Town05_Highway3,0,3,v_4_2,v_5_2,30,3.447537134885318,1.7999993585878535,98.20000064141216,17.104497813672175,567.3695855337925,2.8955021863278247,20.0,3.714628150863813
Town05_Highway3,0,0,v_5_2,v_6_2,30,0.001,1.8000002740158685,98.19999972598411,17.104497813672175,567.3695855337925,2.8955021863278247,20.0,3.714628150863813
