graph_id,epoch,segment_index,start_node,end_node,speed,risk,cost,utility,delta,objective,remaining_after,total_budget,psi
Town05_Highway2,0,1,v_0_0,v_1_2,30,0.3014087805694866,21.813601634611818,78.18639836538819,5.559951573279017,272.7695854404121,14.440048426720983,20.0,3.714628150863813
Town05_Highway2,0,2,v_1_2,v_2_2,30,1.89117622704735,3.616813108674256,96.38318689132576,5.559951573279017,272.7695854404121,14.440048426720983,20.0,3.714628150863813
Town05_Highway2,0,0,v_2_2,v_3_2,30,3.3673665656621803,1.799999816301858,98.20000018369814,5.559951573279017,272.7695854404121,14.440048426720983,20.0,3.714628150863813
Town05_Highway2,1,0,v_3_2,v_4_2,25,1.0646301610968605,2.160000328819043,97.83999967118096,9.15596080430534,584.2510617881576,5.284087622415642,20.0,63.11474777979523
Town05_Highway2,1,3,v_4_2,v_5_2,30,2.6973171728995955,1.7999993585878535,98.20000064141216,9.15596080430534,584.2510617881576,5.284087622415642,20.0,63.11474777979523
Town05_Highway2,1,5,v_5_2,v_6_2,15,1.135333418407582,3.600000548031737,96.39999945196826,9.15596080430534,584.2510617881576,5.284087622415642,20.0,63.11474777979523
Town05_Highway2,1,4,v_6_2,v_7_2,25,1.720308613924341,4.084064744706167,95.91593525529385,9.15596080430534,584.2510617881576,5.284087622415642,20.0,63.11474777979523
Town05_Highway2,1,1,v_7_2,v_8_2,20,0.2681811012293659,2.462925736405936,97.53707426359406,9.15596080430534,584.2510617881576,5.284087622415642,20.0,63.11474777979523
Town05_Highway2,1,2,v_8_2,v_9_2,30,2.270190336747595,1.6419474952918114,98.35805250470818,9.15596080430534,584.2510617881576,5.284087622415642,20.0,63.11474777979523
