graph_id,epoch,segment_index,start_node,end_node,speed,risk,cost,utility,delta,objective,remaining_after,total_budget,psi
Town01_T-Intersection,0,1,v_0_0,v_1_6,30,0.2700968701107153,61.200000003928736,38.799999996071264,4.092939389173142,236.39999998807326,15.907060610826857,20.0,3.714628150863813
Town01_T-Intersection,0,0,v_1_6,v_2_6,30,1.0281087957155577,1.2000000040738328,98.79999999592616,4.092939389173142,236.39999998807326,15.907060610826857,20.0,3.714628150863813
Town01_T-Intersection,0,2,v_2_6,v_3_6,30,2.794733723346869,1.2000000039241798,98.79999999607584,4.092939389173142,236.39999998807326,15.907060610826857,20.0,3.714628150863813
Town01_T-Intersection,1,0,v_3_6,v_4_6,30,0.001,1.2000000039241885,98.7999999960758,8.086591187362542,296.3999999880732,7.820469423464315,20.0,29.890576711605426
Town01_T-Intersection,1,1,v_4_6,v_5_6,30,4.6760203597091765,1.2000000039287362,98.79999999607126,8.086591187362542,296.3999999880732,7.820469423464315,20.0,29.890576711605426
Town01_T-Intersection,1,2,v_5_6,v_6_6,30,3.4095708276533645,1.200000004073836,98.79999999592616,8.086591187362542,296.3999999880732,7.820469423464315,20.0,29.890576711605426
Town01_T-Intersection,4,2,v_18_6,v_19_2,30,0.001,41.331837736205806,58.668162263794194,0.07938121291269716,146.05659839274307,7.741088210551618,20.0,1839.9391119580773
Town01_T-Intersection,4,0,v_19_2,v_20_7,30,0.001,51.40311464516081,48.59688535483919,0.07938121291269716,146.05659839274307,7.741088210551618,20.0,1839.9391119580773
Town01_T-Intersection,4,1,v_20_7,v_21_1,30,0.001,61.208449225890334,38.79155077410967,0.07938121291269716,146.05659839274307,7.741088210551618,20.0,1839.9391119580773
