graph_id,epoch,segment_index,start_node,end_node,speed,risk,cost,utility,delta,objective,remaining_after,total_budget,psi
Town05_Multiple Intersections,0,1,v_0_0,v_1_2,30,4.003974495307498,21.28631811155076,78.71368188844924,4.005974495307497,266.2879013786935,0.9940255046925026,5.0,3.714628150863813
Town05_Multiple Intersections,0,2,v_1_2,v_2_3,30,0.001,11.225779590769784,88.77422040923022,4.005974495307497,266.2879013786935,0.9940255046925026,5.0,3.714628150863813
Town05_Multiple Intersections,0,0,v_2_3,v_3_3,30,0.001,1.200000918985981,98.79999908101402,4.005974495307497,266.2879013786935,0.9940255046925026,5.0,3.714628150863813
