graph_id,epoch,segment_index,start_node,end_node,speed,risk,cost,utility,delta,objective,remaining_after,total_budget,psi
Town05_Highway3,0,0,v_0_0,v_1_1,30,0.7556850599936908,11.859277433942587,88.1407225660574,9.908082937121478,663.5416729913609,0.09191706287852242,10.0,3.714628150863813
Town05_Highway3,0,1,v_1_1,v_2_2,30,3.127679097567704,13.635662692802416,86.36433730719759,9.908082937121478,663.5416729913609,0.09191706287852242,10.0,3.714628150863813
Town05_Highway3,0,2,v_2_2,v_3_2,30,0.9791599719923268,1.799999816301858,98.20000018369814,9.908082937121478,663.5416729913609,0.09191706287852242,10.0,3.714628150863813
Town05_Highway3,0,3,v_3_2,v_4_2,30,0.6476487903183551,1.800000274015869,98.19999972598411,9.908082937121478,663.5416729913609,0.09191706287852242,10.0,3.714628150863813
Town05_Highway3,0,4,v_4_2,v_5_2,25,0.7365327065168045,2.159999230305424,97.84000076969456,9.908082937121478,663.5416729913609,0.09191706287852242,10.0,3.714628150863813
Town05_Highway3,0,5,v_5_2,v_6_2,30,2.790137650031104,1.8000002740158685,98.19999972598411,9.908082937121478,663.5416729913609,0.09191706287852242,10.0,3.714628150863813
Town05_Highway3,0,6,v_6_2,v_7_2,30,0.8712396607014933,3.403387287255139,96.59661271274486,9.908082937121478,663.5416729913609,0.09191706287852242,10.0,3.714628150863813
