graph_id,epoch,segment_index,start_node,end_node,speed,risk,cost,utility,delta,objective,remaining_after,total_budget,psi
Town05_Highway3,0,0,v_0_0,v_1_2,30,2.691585106789232,21.813601634611818,78.18639836538819,13.326876371484225,663.9661982465373,6.673123628515775,20.0,3.714628150863813
Town05_Highway3,0,1,v_1_2,v_2_2,30,2.241456573616773,3.616813108674256,96.38318689132576,13.326876371484225,663.9661982465373,6.673123628515775,20.0,3.714628150863813
Town05_Highway3,0,2,v_2_2,v_3_2,30,0.9976376738348726,1.799999816301858,98.20000018369814,13.326876371484225,663.9661982465373,6.673123628515775,20.0,3.714628150863813
Town05_Highway3,0,3,v_3_2,v_4_2,30,4.470424439576793,1.800000274015869,98.19999972598411,13.326876371484225,663.9661982465373,6.673123628515775,20.0,3.714628150863813
Town05_Highway3,0,4,v_4_2,v_5_2,30,0.2560107547034085,1.7999993585878535,98.20000064141216,13.326876371484225,663.9661982465373,6.673123628515775,20.0,3.714628150863813
Town05_Highway3,0,5,v_5_2,v_6_2,30,0.2257473184672047,1.8000002740158685,98.19999972598411,13.326876371484225,663.9661982465373,6.673123628515775,20.0,3.714628150863813
Town05_Highway3,0,6,v_6_2,v_7_2,30,2.4440145044959416,3.403387287255139,96.59661271274486,13.326876371484225,663.9661982465373,6.673123628515775,20.0,3.714628150863813
