graph_id,epoch,segment_index,start_node,end_node,speed,risk,cost,utility,delta,objective,remaining_after,total_budget,psi
Town03_Roundabout,0,2,v_0_0,v_1_5,30,0.001,51.19999930253974,48.80000069746026,6.306405936594847,246.40000026172484,3.693594063405153,10.0,3.714628150863813
Town03_Roundabout,0,1,v_1_5,v_2_5,30,3.8808578599890096,1.200000218048756,98.79999978195124,6.306405936594847,246.40000026172484,3.693594063405153,10.0,3.714628150863813
Town03_Roundabout,0,0,v_2_5,v_3_5,30,2.4245480766058374,1.2000002176866946,98.79999978231332,6.306405936594847,246.40000026172484,3.693594063405153,10.0,3.714628150863813
Town03_Roundabout,4,0,v_14_5,v_15_1,30,0.001,41.331835010208096,58.668164989791904,0.06812877949855688,156.31601926300726,3.625465283906596,10.0,2294.4197799157464
Town03_Roundabout,4,1,v_15_1,v_16_1,30,0.001,2.352145726784632,97.64785427321536,0.06812877949855688,156.31601926300726,3.625465283906596,10.0,2294.4197799157464
