graph_id,epoch,segment_index,start_node,end_node,speed,risk,cost,utility,delta,objective,remaining_after,total_budget,psi
Town03_Roundabout,0,2,v_0_0,v_1_5,30,0.001,51.19999930253974,48.80000069746026,4.734614320292543,246.40000026172484,15.265385679707457,20.0,3.714628150863813
Town03_Roundabout,0,1,v_1_5,v_2_5,30,3.0707664794624234,1.200000218048756,98.79999978195124,4.734614320292543,246.40000026172484,15.265385679707457,20.0,3.714628150863813
Town03_Roundabout,0,0,v_2_5,v_3_5,30,1.6628478408301208,1.2000002176866946,98.79999978231332,4.734614320292543,246.40000026172484,15.265385679707457,20.0,3.714628150863813
Town03_Roundabout,1,2,v_3_5,v_4_5,30,3.102202658712065,1.1999997602942465,98.80000023970577,9.464379378820981,394.94508305178323,5.801006300886476,20.0,41.44896299575448
Town03_Roundabout,1,0,v_4_5,v_5_5,30,1.0996480418250678,1.200000218048753,98.79999978195124,9.464379378820981,394.94508305178323,5.801006300886476,20.0,41.44896299575448
Town03_Roundabout,1,1,v_5_5,v_6_5,30,2.3846216489239143,1.2762668176811436,98.72373318231884,9.464379378820981,394.94508305178323,5.801006300886476,20.0,41.44896299575448
Town03_Roundabout,1,3,v_6_5,v_7_5,25,2.877907029359965,1.3786501521926469,98.62134984780737,9.464379378820981,394.94508305178323,5.801006300886476,20.0,41.44896299575448
