graph_id,epoch,segment_index,start_node,end_node,speed,risk,cost,utility,delta,objective,remaining_after,total_budget,psi
Town05_Multiple Intersections,0,3,v_0_0,v_1_3,30,0.001,31.26178660678493,68.73821339321506,9.186161514690186,365.13821338306286,5.813838485309814,15.0,3.714628150863813
Town05_Multiple Intersections,0,1,v_1_3,v_2_3,30,3.705420728814744,1.199999545708064,98.80000045429192,9.186161514690186,365.13821338306286,5.813838485309814,15.0,3.714628150863813
Town05_Multiple Intersections,0,2,v_2_3,v_3_3,30,4.425420556922117,1.200000918985981,98.79999908101402,9.186161514690186,365.13821338306286,5.813838485309814,15.0,3.714628150863813
Town05_Multiple Intersections,0,0,v_3_3,v_4_3,30,1.0543202289533269,1.199999545458129,98.80000045454187,9.186161514690186,365.13821338306286,5.813838485309814,15.0,3.714628150863813
