graph_id,epoch,segment_index,start_node,end_node,speed,risk,cost,utility,delta,objective,remaining_after,total_budget,psi
Town05_Multiple Intersections,0,2,v_0_0,v_1_3,30,3.898986515660017,31.26178660678493,68.73821339321506,6.088731774987829,365.13821338306286,3.9112682250121713,10.0,3.714628150863813
Town05_Multiple Intersections,0,3,v_1_3,v_2_3,30,0.3587572542197991,1.199999545708064,98.80000045429192,6.088731774987829,365.13821338306286,3.9112682250121713,10.0,3.714628150863813
Town05_Multiple Intersections,0,1,v_2_3,v_3_3,30,1.8299880051080128,1.200000918985981,98.79999908101402,6.088731774987829,365.13821338306286,3.9112682250121713,10.0,3.714628150863813
Town05_Multiple Intersections,0,0,v_3_3,v_4_3,30,0.001,1.199999545458129,98.80000045454187,6.088731774987829,365.13821338306286,3.9112682250121713,10.0,3.714628150863813
